IL1RN	chr2:113875469-113891593	NM_173843		0	0	1
IL1RN	chr2:113875469-113891593	NM_173841		0	0	1
IL1RN	chr2:113875469-113891593	NM_173842		0	0	1
IL1RN	chr2:113875469-113891593	NM_000577		0	0	1
IL1RN	chr2:113875469-113891593	NM_173843	8	1	0.231814400848162	1
IL1RN	chr2:113875469-113891593	NM_173841	8	1	0.248339783878922	1
IL1RN	chr2:113875469-113891593	NM_173842	8	1	0.260730958126519	1
IL1RN	chr2:113875469-113891593	NM_000577	8	1	0.259114857146396	1
IL1RN	chr2:113875469-113891593	NM_173843		2	0	1
IL1RN	chr2:113875469-113891593	NM_173841		2	0	1
IL1RN	chr2:113875469-113891593	NM_173842		2	0	1
IL1RN	chr2:113875469-113891593	NM_000577		2	0	1
IL1RN	chr2:113875469-113891593	NM_173843	1	3	0.231814400848162	1
IL1RN	chr2:113875469-113891593	NM_173841	1	3	0.248339783878922	1
IL1RN	chr2:113875469-113891593	NM_173842	1	3	0.260730958126519	1
IL1RN	chr2:113875469-113891593	NM_000577	1	3	0.259114857146396	1
IL1RN	chr2:113875469-113891593	NM_173843		4	0	1
IL1RN	chr2:113875469-113891593	NM_173841		4	0	1
IL1RN	chr2:113875469-113891593	NM_173842		4	0	1
IL1RN	chr2:113875469-113891593	NM_000577		4	0	1
IL1RN	chr2:113875469-113891593	NM_173843	2	5	0.231814400848162	1
IL1RN	chr2:113875469-113891593	NM_173841	2	5	0.248339783878922	1
IL1RN	chr2:113875469-113891593	NM_173842	2	5	0.260730958126519	1
IL1RN	chr2:113875469-113891593	NM_000577	2	5	0.259114857146396	1
IL1RN	chr2:113875469-113891593	NM_173843	69	6	4.56708685918349e-14	1
IL1RN	chr2:113875469-113891593	NM_173841	69	6	4.89266136795705e-14	1
IL1RN	chr2:113875469-113891593	NM_173842	69	6	0.999999999999854	1
IL1RN	chr2:113875469-113891593	NM_000577	69	6	5.10494626202139e-14	1
IL1RN	chr2:113875469-113891593	NM_173843		7	0	1
IL1RN	chr2:113875469-113891593	NM_173841		7	0	1
IL1RN	chr2:113875469-113891593	NM_173842		7	0	1
IL1RN	chr2:113875469-113891593	NM_000577		7	0	1
IL1RN	chr2:113875469-113891593	NM_173843	110	8	0.0257207739200793	2
IL1RN	chr2:113875469-113891593	NM_173841	110	8	0.0275543340411142	2
IL1RN	chr2:113875469-113891593	NM_173842	110	8	0.917975018710785	2
IL1RN	chr2:113875469-113891593	NM_000577	110	8	0.0287498733280216	2
IL1RN	chr2:113875469-113891593	NM_173843	19	9	0.231814400848162	2
IL1RN	chr2:113875469-113891593	NM_173841	19	9	0.248339783878922	2
IL1RN	chr2:113875469-113891593	NM_173842	19	9	0.260730958126519	2
IL1RN	chr2:113875469-113891593	NM_000577	19	9	0.259114857146396	2
IL1RN	chr2:113875469-113891593	NM_173843	36	10	0.340854137140175	2
IL1RN	chr2:113875469-113891593	NM_173841	36	10	2.09959796141494e-13	2
IL1RN	chr2:113875469-113891593	NM_173842	36	10	0.659145862859395	2
IL1RN	chr2:113875469-113891593	NM_000577	36	10	2.19069622007141e-13	2
IL1RN	chr2:113875469-113891593	NM_173843	19	11	9.64570767617357e-05	2
IL1RN	chr2:113875469-113891593	NM_173841	19	11	0.000103333224808117	2
IL1RN	chr2:113875469-113891593	NM_173842	19	11	0.999692393007256	2
IL1RN	chr2:113875469-113891593	NM_000577	19	11	0.000107816691173758	2
IL1RN	chr2:113875469-113891593	NM_173843	30	12	1.15362717026156e-13	2
IL1RN	chr2:113875469-113891593	NM_173841	30	12	1.23586593883468e-13	2
IL1RN	chr2:113875469-113891593	NM_173842	30	12	0.999999999999632	2
IL1RN	chr2:113875469-113891593	NM_000577	30	12	1.28948822130477e-13	2
IL1RN	chr2:113875469-113891593	NM_173843	6	13	0.231814400848162	2
IL1RN	chr2:113875469-113891593	NM_173841	6	13	0.248339783878922	2
IL1RN	chr2:113875469-113891593	NM_173842	6	13	0.260730958126519	2
IL1RN	chr2:113875469-113891593	NM_000577	6	13	0.259114857146396	2
IL1RN	chr2:113875469-113891593	NM_173843	90	14	7.26311240783203e-09	2
IL1RN	chr2:113875469-113891593	NM_173841	90	14	7.78087883690508e-09	2
IL1RN	chr2:113875469-113891593	NM_173842	90	14	0.99999997683753	2
IL1RN	chr2:113875469-113891593	NM_000577	90	14	8.11847895173016e-09	2
IL1RN	chr2:113875469-113891593	NM_173843	33	15	8.70647318922899e-29	2
IL1RN	chr2:113875469-113891593	NM_173841	33	15	9.32713266410478e-29	2
IL1RN	chr2:113875469-113891593	NM_173842	33	15	1	2
IL1RN	chr2:113875469-113891593	NM_000577	33	15	9.73182230448936e-29	2
